{
  "intents": [
    {
      "triggerQueries": [
        "how to disconnect call"
      ],
      "dialogId": "new_topic_72910ee8e57a41fc87dfab651f7be99b",
      "isTriggeringEnabled": true,
      "id": "new_topic_72910ee8e57a41fc87dfab651f7be99b",
      "displayName": "HowToDisconnectCall",
      "createdTime": "2022-03-26T20:54:19.0768848Z",
      "updatedTime": "2022-03-30T18:32:41.8980051Z",
      "createdUserId": "23c5758b-fc82-4e7c-b322-2cd3b1cb5a74",
      "updatedUserId": "23c5758b-fc82-4e7c-b322-2cd3b1cb5a74"
    }
  ],
  "dialogs": [
    {
      "rootNodeId": "7903eeaf-7b6b-4ecf-bc9a-b16a4a01a023",
      "messageNodes": [
        {
          "botMessageId": "60f59cc5-8f9d-40e0-9ec4-d2c08b4fde86",
          "nodeType": "BotMessageNode",
          "id": "7903eeaf-7b6b-4ecf-bc9a-b16a4a01a023",
          "defaultTargetNodeId": "2144e1bf-7674-418f-af25-93df4a116963"
        }
      ],
      "dialogChangeNodes": [
        {
          "targetDialogId": "new_bot_f4470e3509a54c2084eb8ce2456fe23a.vaicDisconnectCall.dialog",
          "nodeType": "DialogChangeNode",
          "id": "2144e1bf-7674-418f-af25-93df4a116963"
        }
      ],
      "id": "new_topic_72910ee8e57a41fc87dfab651f7be99b",
      "displayName": "Untitled",
      "createdTime": "2022-03-26T20:54:19.0768848Z",
      "updatedTime": "2022-03-30T18:32:41.8980051Z",
      "createdUserId": "23c5758b-fc82-4e7c-b322-2cd3b1cb5a74",
      "updatedUserId": "23c5758b-fc82-4e7c-b322-2cd3b1cb5a74"
    }
  ],
  "botMessages": [
    {
      "channelContent": {
        "web": {
          "contentFormat": "Markdown",
          "content": "Good bye"
        }
      },
      "id": "60f59cc5-8f9d-40e0-9ec4-d2c08b4fde86",
      "createdTime": "2022-03-26T20:52:15.034Z",
      "updatedTime": "2022-03-26T20:52:15.034Z"
    }
  ]
}