{
  "contextVariables": [
    {
      "systemType": "String",
      "initializerType": "Expression",
      "scope": "Session",
      "greedySlotFillingEnabled": false,
      "isInput": false,
      "externalInitializationAllowed": false,
      "expression": "{result.value}",
      "isGlobal": true,
      "id": "new_variable_f4470e3509a54c2084eb8ce2456fe23a_8d030aa795ff48c5a587af010b6db87d",
      "displayName": "AudioURL",
      "createdTime": "2022-04-14T19:48:07.4192349Z",
      "updatedTime": "2022-04-14T21:21:10.863089Z",
      "createdUserId": "23c5758b-fc82-4e7c-b322-2cd3b1cb5a74",
      "updatedUserId": "23c5758b-fc82-4e7c-b322-2cd3b1cb5a74"
    }
  ]
}