{
  "intents": [
    {
      "triggerQueries": [
        "how to resume recording"
      ],
      "dialogId": "new_topic_1c9c9c9a260e4e1bbe00aba6dd9b7871",
      "isTriggeringEnabled": true,
      "id": "new_topic_1c9c9c9a260e4e1bbe00aba6dd9b7871",
      "displayName": "HowToResumeRecording",
      "createdTime": "2022-03-28T13:42:45.5924326Z",
      "updatedTime": "2022-03-28T14:10:25.2782427Z",
      "createdUserId": "23c5758b-fc82-4e7c-b322-2cd3b1cb5a74",
      "updatedUserId": "23c5758b-fc82-4e7c-b322-2cd3b1cb5a74"
    }
  ],
  "dialogs": [
    {
      "rootNodeId": "f8b14d09-113a-48d5-b2ad-0980c32204e2",
      "dialogChangeNodes": [
        {
          "targetDialogId": "new_bot_f4470e3509a54c2084eb8ce2456fe23a.GetConversationId.dialog",
          "nodeType": "DialogChangeNode",
          "outputExpressionVariableIds": [
            "f82035b2-1b6d-4d0b-a8f1-95d859b36ee6"
          ],
          "id": "f8b14d09-113a-48d5-b2ad-0980c32204e2",
          "defaultTargetNodeId": "0c5582da-b3f2-4c1c-b2f5-1418f40cd83d"
        },
        {
          "targetDialogId": "new_bot_f4470e3509a54c2084eb8ce2456fe23a.vaicRecord.dialog",
          "nodeType": "DialogChangeNode",
          "inputParameterVariableIdMap": {
            "action": "resume",
            "recordingId": "{f82035b2-1b6d-4d0b-a8f1-95d859b36ee6}"
          },
          "id": "0c5582da-b3f2-4c1c-b2f5-1418f40cd83d"
        }
      ],
      "id": "new_topic_1c9c9c9a260e4e1bbe00aba6dd9b7871",
      "displayName": "Untitled",
      "createdTime": "2022-03-28T13:42:45.5924326Z",
      "updatedTime": "2022-03-28T14:10:25.2782427Z",
      "createdUserId": "23c5758b-fc82-4e7c-b322-2cd3b1cb5a74",
      "updatedUserId": "23c5758b-fc82-4e7c-b322-2cd3b1cb5a74"
    }
  ],
  "contextVariables": [
    {
      "systemType": "String",
      "initializerType": "Expression",
      "scope": "Dialog",
      "greedySlotFillingEnabled": false,
      "isInput": false,
      "externalInitializationAllowed": false,
      "expression": "{result.conversationId}",
      "isGlobal": false,
      "id": "f82035b2-1b6d-4d0b-a8f1-95d859b36ee6",
      "displayName": "conversationId",
      "createdTime": "2022-03-28T13:42:45.5924326Z",
      "updatedTime": "2022-03-28T14:10:25.2782427Z",
      "createdUserId": "23c5758b-fc82-4e7c-b322-2cd3b1cb5a74",
      "updatedUserId": "23c5758b-fc82-4e7c-b322-2cd3b1cb5a74"
    }
  ]
}