{
  "intents": [
    {
      "triggerQueries": [
        "how to start recording"
      ],
      "dialogId": "new_topic_adda5176cd1a4d83903d033602b8c723",
      "isTriggeringEnabled": true,
      "id": "new_topic_adda5176cd1a4d83903d033602b8c723",
      "displayName": "HowToStartRecording",
      "createdTime": "2022-03-28T12:58:06.5845199Z",
      "updatedTime": "2022-03-28T13:33:37.4912188Z",
      "createdUserId": "23c5758b-fc82-4e7c-b322-2cd3b1cb5a74",
      "updatedUserId": "23c5758b-fc82-4e7c-b322-2cd3b1cb5a74"
    }
  ],
  "dialogs": [
    {
      "rootNodeId": "503943ac-d339-4843-8430-3bea29b1c6a1",
      "dialogChangeNodes": [
        {
          "targetDialogId": "new_bot_f4470e3509a54c2084eb8ce2456fe23a.GetConversationId.dialog",
          "nodeType": "DialogChangeNode",
          "outputExpressionVariableIds": [
            "28856466-3cfa-494f-b39b-489b22265e19"
          ],
          "id": "503943ac-d339-4843-8430-3bea29b1c6a1",
          "defaultTargetNodeId": "57f59139-2d02-47a7-855c-439140d3a012"
        },
        {
          "targetDialogId": "new_bot_f4470e3509a54c2084eb8ce2456fe23a.vaicRecord.dialog",
          "nodeType": "DialogChangeNode",
          "inputParameterVariableIdMap": {
            "recordingId": "{28856466-3cfa-494f-b39b-489b22265e19}",
            "action": "start"
          },
          "id": "57f59139-2d02-47a7-855c-439140d3a012"
        }
      ],
      "id": "new_topic_adda5176cd1a4d83903d033602b8c723",
      "displayName": "Untitled",
      "createdTime": "2022-03-28T12:58:06.5845199Z",
      "updatedTime": "2022-03-28T13:33:37.4912188Z",
      "createdUserId": "23c5758b-fc82-4e7c-b322-2cd3b1cb5a74",
      "updatedUserId": "23c5758b-fc82-4e7c-b322-2cd3b1cb5a74"
    }
  ],
  "contextVariables": [
    {
      "systemType": "String",
      "initializerType": "Expression",
      "scope": "Dialog",
      "greedySlotFillingEnabled": false,
      "isInput": false,
      "externalInitializationAllowed": false,
      "expression": "{result.conversationId}",
      "isGlobal": false,
      "id": "28856466-3cfa-494f-b39b-489b22265e19",
      "displayName": "conversationId",
      "createdTime": "2022-03-28T13:32:09.406Z",
      "updatedTime": "2022-03-28T13:33:37.4912188Z",
      "createdUserId": "user-0",
      "updatedUserId": "23c5758b-fc82-4e7c-b322-2cd3b1cb5a74"
    }
  ]
}