{
  "intents": [
    {
      "triggerQueries": [
        "how to get global variable"
      ],
      "dialogId": "new_topic_a5713f406e0c4646a1429dd69a577d89",
      "isTriggeringEnabled": true,
      "id": "new_topic_a5713f406e0c4646a1429dd69a577d89",
      "displayName": "HowToGetGlobalVariable",
      "createdTime": "2022-03-28T14:37:57.3203991Z",
      "updatedTime": "2022-03-28T15:23:04.6882285Z",
      "createdUserId": "23c5758b-fc82-4e7c-b322-2cd3b1cb5a74",
      "updatedUserId": "23c5758b-fc82-4e7c-b322-2cd3b1cb5a74"
    }
  ],
  "dialogs": [
    {
      "rootNodeId": "9b542dba-b372-498f-a576-b508e5d22eff",
      "messageNodes": [
        {
          "botMessageId": "49146f54-9f9a-4bdc-b311-2c40dcbaf960",
          "nodeType": "BotMessageNode",
          "id": "9b542dba-b372-498f-a576-b508e5d22eff",
          "defaultTargetNodeId": "7929deb2-bef3-4d6d-99a6-80cb7e2aff15"
        },
        {
          "botMessageId": "0b1a0e0d-e81c-45a5-915c-cad4e18ef8a5",
          "nodeType": "BotMessageNode",
          "id": "7929deb2-bef3-4d6d-99a6-80cb7e2aff15",
          "defaultTargetNodeId": "4d9de96c-c730-4dc0-8be8-c98680d7914c"
        },
        {
          "botMessageId": "6e00f124-9bf7-456e-82f4-8fe89199e041",
          "nodeType": "BotMessageNode",
          "id": "820272f3-6d7c-47ac-a67b-ea6b04aa95b3"
        }
      ],
      "dialogChangeNodes": [
        {
          "targetDialogId": "new_bot_f4470e3509a54c2084eb8ce2456fe23a.SetProperty.dialog",
          "nodeType": "DialogChangeNode",
          "outputExpressionVariableIds": [
            "new_variable_f4470e3509a54c2084eb8ce2456fe23a_f9f52aef89ef485b80f10278da20e236"
          ],
          "id": "fc011bf0-e09e-464f-9c86-5328ea8e5f22",
          "defaultTargetNodeId": "820272f3-6d7c-47ac-a67b-ea6b04aa95b3"
        },
        {
          "targetDialogId": "new_bot_f4470e3509a54c2084eb8ce2456fe23a.vaicGlobalVariableTest.dialog",
          "nodeType": "DialogChangeNode",
          "id": "4d9de96c-c730-4dc0-8be8-c98680d7914c",
          "defaultTargetNodeId": "fc011bf0-e09e-464f-9c86-5328ea8e5f22"
        }
      ],
      "id": "new_topic_a5713f406e0c4646a1429dd69a577d89",
      "displayName": "Untitled",
      "createdTime": "2022-03-28T14:37:57.3203991Z",
      "updatedTime": "2022-03-28T15:23:04.6882285Z",
      "createdUserId": "23c5758b-fc82-4e7c-b322-2cd3b1cb5a74",
      "updatedUserId": "23c5758b-fc82-4e7c-b322-2cd3b1cb5a74"
    }
  ],
  "botMessages": [
    {
      "channelContent": {
        "web": {
          "contentFormat": "Markdown",
          "content": "Here is fake channelId: {new\\_variable\\_f4470e3509a54c2084eb8ce2456fe23a\\_847e49800b9140e385f3d9f34aeb776a}"
        }
      },
      "id": "49146f54-9f9a-4bdc-b311-2c40dcbaf960",
      "createdTime": "2022-03-28T14:42:46.073Z",
      "updatedTime": "2022-03-28T14:42:46.073Z",
      "createdUserId": "user-0",
      "updatedUserId": "user-0"
    },
    {
      "channelContent": {
        "web": {
          "contentFormat": "Markdown",
          "content": "Here is the fake caller's phone number: {new\\_variable\\_f4470e3509a54c2084eb8ce2456fe23a\\_e80f86abdfd54cee869b612850fbfaa3}"
        }
      },
      "id": "0b1a0e0d-e81c-45a5-915c-cad4e18ef8a5",
      "createdTime": "2022-03-28T14:43:31.75Z",
      "updatedTime": "2022-03-28T14:43:31.75Z",
      "createdUserId": "user-0",
      "updatedUserId": "user-0"
    },
    {
      "channelContent": {
        "web": {
          "contentFormat": "Markdown",
          "content": "here is testgb: {new_variable_f4470e3509a54c2084eb8ce2456fe23a_f9f52aef89ef485b80f10278da20e236}"
        }
      },
      "id": "6e00f124-9bf7-456e-82f4-8fe89199e041",
      "createdTime": "2022-03-28T15:15:17.938Z",
      "updatedTime": "2022-03-28T15:15:17.938Z",
      "createdUserId": "user-0",
      "updatedUserId": "user-0"
    }
  ]
}