{
  "contextVariables": [
    {
      "systemType": "String",
      "initializerType": "Expression",
      "scope": "Session",
      "greedySlotFillingEnabled": false,
      "isInput": false,
      "externalInitializationAllowed": true,
      "expression": "{result.value}",
      "isGlobal": true,
      "id": "new_variable_f4470e3509a54c2084eb8ce2456fe23a_e80f86abdfd54cee869b612850fbfaa3",
      "displayName": "callersPhoneNumber",
      "createdTime": "2022-03-28T14:42:06.6201169Z",
      "updatedTime": "2022-03-28T14:42:06.6201169Z",
      "createdUserId": "23c5758b-fc82-4e7c-b322-2cd3b1cb5a74",
      "updatedUserId": "23c5758b-fc82-4e7c-b322-2cd3b1cb5a74"
    }
  ]
}